x;y;z
-0.3349020207673109;1.7303396205843324;9.683641245656762
-0.8867916307775684;-2.0665308253915105;9.51171154298308
-0.2511739406941553;0.8308276478351849;10.639139425238316
-1.7152390758554377;0.9777425376681173;10.255595730302598
0.5042736715830792;-0.4334196579359736;9.363061732338116
-1.930434847652035;0.1302622494067268;10.24577325738252
-0.7635627518714911;-1.237796499772334;9.845028943332853
1.2053197619416338;1.8333636007357923;10.085564986188238
0.3223269025280864;0.8586330590387891;8.60559263904036
-1.1409023029033232;-1.1449879416151456;9.81913136095192
-0.1429025476968451;0.0384260019841936;10.23607121822826
1.01962768721998;-0.6299697367662529;9.608416995644152
-0.1944676387189841;-0.2552297036338495;10.012080842462474
-1.7352981372164369;0.786228952913183;9.605577930065458
-0.0450172270234718;1.4614731465820414;10.137554666855404
-0.3393494415509568;-0.2123795085530007;10.504441790873791
0.7168940948673278;-0.5518586773245626;10.294480098858234
-0.1536728081225123;-1.6155090025314285;8.962934403541453
0.2378860927803634;2.1239093382993417;9.54136978010219
-1.0071259085409143;-1.6821673857084585;9.71636673597098
-1.3157620488632118;-0.921452203860656;10.320827111761044
0.0158459697281659;1.2614269446838475;9.36663598292048
-0.3591173888857438;-0.0771530723869113;9.75682201090981
-1.4843947074631891;-0.4172787604977888;9.612038337337248
-0.7287500605288287;0.2217704977727615;10.426606591381738
0.3459081022396338;0.4216998997118936;10.004649864431732
1.273952682154469;-0.6120142118096688;10.0787761488751
-1.3157409445841548;-0.4720399233357314;9.970682442575429
-0.4482484399158214;1.1670400015268587;9.714741288940727
0.1942610203417148;0.986024318064424;10.318746088139196
-1.0372967361467582;1.356259134284966;9.95831695734774
0.0921821687448867;-0.3741002563405907;10.123435063186436
0.4329934383409051;-0.0056965884657076;10.22979299389004
2.571414998798056;-1.071805300018342;9.658368937549882
-0.7584604711131816;-0.1396551597041768;10.4297613960695
-1.7841590737916568;-0.6101646447960587;10.801466949842034
-2.019212661143572;0.1410299219556173;9.98197560125596
-0.7171947566606647;0.7468493794923597;10.503745917390296
0.1103376725341142;-0.3396525964975844;9.7139726653256
0.7626035884266097;0.1387931034539963;9.354386793030471
-0.4430361899027458;-2.025891488426484;9.803265916552274
-0.4966666536460868;0.7561916343042959;9.92183379202923
-0.8104232006070214;-0.5670272366676641;9.050201551751869
0.293910929656769;-0.8654826264832158;9.70811609106397
1.1211125738192718;-0.6132579664768268;9.939679109754904
-0.5852507379668996;0.210672222325462;9.268708457241996
-0.7634287504106513;-0.1334605986272641;9.772231321958582
-0.1632839343053113;0.6111929936134837;10.763769171861206
0.2254986247034749;-0.0676610375231696;9.555141313639435
-0.5583801865626156;0.2406691031918217;9.67472734811349
0.4970600466616294;-2.4338878980490053;10.283554852755984
-0.2095242847836882;-0.0212587034786334;10.014166231847618
-1.6629853320850587;-0.8772498115781421;9.933098445788035
0.2591210617154656;-0.5646035771958188;9.584553623705446
1.0656054878567955;-0.1215886541269435;10.03985933029992
-0.7903922547778135;2.6262263378742365;9.328184591772322
0.420683384434699;0.8672220560607036;9.899199363724753
-1.033741242830524;-0.1402646560814573;10.000974387908675
2.3836418141177718;1.4063519559177569;8.69432932648304
-0.7027371788532619;1.5118756853981294;9.551918559060177
-0.7850860636844076;-0.8521774473705561;9.997091086718646
0.0999201180009339;0.3648117871865965;9.865448784079035
-1.4125997775400028;0.8070110435162702;10.525490448736484
0.5056063511227593;-1.8324262016244612;9.87523051363979
-0.2626748930358931;0.3196292632009279;9.55908936172327
0.2569961364071867;0.0607072031291091;8.92722029556469
1.1402865063969814;-0.2677241470011414;10.274021015407405
2.1489828775609072;0.1793107430090814;9.850964249271833
-0.4089920294172632;0.5775585396590377;9.460320404240145
-0.2369639919757832;0.810237353142475;9.985075547154612
1.5228295958905005;0.1257403733807064;9.24902456230542
-0.4971962044671288;0.7469637998085469;9.41457355814742
-1.175830593575848;-0.5361551146999411;9.719761093563012
-0.0868079876956713;-0.3380314495188746;9.427005238829132
0.3073281938505408;0.0678712572100421;9.519732507689142
1.8524744747102304;0.6409162985708515;10.844617377542908
-1.185427131792336;0.1845545861182108;10.041036987188608
-0.1166349883352562;0.3287646406179581;10.70894148305709
-1.4884660674027594;0.7539906847475953;9.874654778409996
0.2777304573415295;-0.0412323624479513;9.820587867347015
1.1803120973132135;1.2517186922787018;9.677530218337251
-1.6389726283357675;0.2965593440603133;9.36553510434471
-1.3477131673609613;0.7006339139373607;10.265820535818614
-0.7658750812723296;-0.0113273959933259;10.257045019469205
0.0799446947819336;1.6246109032030107;9.617359882312794
0.9190686019956088;-0.592853123632137;9.784563563652265
0.9517211624147062;-0.8614721991151353;9.241844972318065
0.4202464004475277;0.564204280971745;9.421537978032443
-1.8711744340926488;-0.2495330880922345;9.822282694952357
-1.0753347933506938;1.1970771485439955;10.385715528434812
0.0156932697804961;-1.0419388568224808;10.212999716909044
-0.1517174676551645;-0.8894099831843367;9.965147761060877
-0.3202592605233475;0.7699775565890569;10.871646638760373
-0.2097618366145069;0.3018501661632669;10.229440278681375
-0.407004590679507;-0.1435298552848337;9.206204192497587
0.4414183211237549;-1.1009950809146336;9.855656520854572
0.4556474368978568;0.1411372974720787;8.989594365841166
-0.4629525481098672;-0.9362794478986798;10.027403242491689
1.3222217896116455;-0.8949726371523403;9.990400956245866
-1.0807114057229092;1.8428929074206972;9.884377766000371
0.1893251076384604;-0.0124810618120309;9.806276648507213
-0.1575916025108524;-0.3800020428084767;9.585443909853565
-0.5295563543906193;-1.0345349678403095;9.846732301522731
-2.490095113613209;0.3784071443240354;9.339490733371155
0.1437373521581376;-0.335435968291387;10.31381770983068
1.6974150177774014;0.0177239501117846;9.82243744028504
0.3650492801687799;-0.0256809299755287;9.496557122789843
-0.680304579607792;-0.1919776910737104;10.483473162355152
1.0663384748599176;-1.3382535593289329;9.983375198077075
-1.0156407357720263;0.1045348002171033;9.611276773594083
0.8564359234421387;-0.988781853546478;10.193671551878818
0.1146678937531035;-1.0476220176814035;10.270911542603184
0.3532890384050151;-0.4247145095300128;9.946942428752862
-0.8105002982662741;0.3364208801672798;8.87560222074371
0.6729709540585678;-0.4161832830691603;9.744801240325636
-0.6654401969247442;-1.0094093487232256;9.393619012950264
0.8501015018437597;0.4270496659833738;10.294399279612543
0.2110804609774281;0.0709010421649568;9.248270259378424
0.3828112213608803;0.6213352005545661;9.717341395993092
-0.2914923516030723;0.2451730286238626;9.485831143514371
0.7489474605009876;-0.1755344039913071;9.125323330375329
-0.827341279944854;-0.3619792659268599;9.620061844131891
0.6638892151591895;-0.0681204969316055;9.811544745564325
0.0552777688329398;0.6491126172384104;10.15238696995744
1.8159960955289087;0.1883250365075395;10.630884445407183
1.7828340430547718;-0.3054436206181151;9.509009323777418
-0.7537910117463138;0.3527037388575305;9.095212106202212
1.600132974640087;0.0318277391285851;9.29000611921384
-2.0086395769743146;-0.4321102109876674;9.798870147967314
-1.0752453856982416;-0.6645930968686862;10.230093803948517
-1.8273267106962303;-0.2116995927856283;10.404410108705454
-0.590126778414821;-0.8697658098760457;9.463642398231716
-0.4976825399206888;1.1291033269002428;9.895862010125937
-1.3479601573059552;-0.7178643942147301;10.261677245931589
0.5438483451672262;-1.3559376708848954;10.060535460991185
-0.9677955263756438;-2.255095163664504;10.03483570901355
-0.6598525217805198;0.066439866163561;9.361150795305011
0.7369160568053832;1.4314843638392512;9.797186805667534
1.7382520066633964;0.3457042917419176;9.769579809708006
-1.3465050733426884;-0.628710485729806;9.543431089488577
0.355965625247151;-0.5349816299872254;9.477837175488013
-0.652243108725178;-0.7002711128762981;9.979376737190783
0.5735206174609813;0.730458611302506;10.116270875180572
0.603387983786032;-1.8434666353807132;10.126886637847674
-2.213194916361557;0.236689706700917;9.389225789901818
-2.064311326621209;-1.1254444462624034;9.623358209892514
-1.4351894957513291;0.4406149110690861;9.56310690740978
-1.1321685197225793;-0.829826816462713;9.786524790298962
-0.2318421932673213;-2.032746093107747;9.77026270206024
0.5115914844967759;-1.4244497030350605;9.717455011344438
-1.2060823367485487;-0.4734823836625273;9.484319430451958
-0.7341603056390662;-0.7507588042675897;10.08590557025875
1.0834730422536392;-0.9857648054627124;9.932051990360025
0.425142341567983;-0.0662796294825924;9.41436636064532
0.092728070397423;0.7047348230014048;9.869618723972964
-0.0371293811804154;0.8144105309127644;8.959137429648978
-0.0516783045381024;0.5348058865781947;9.565702274350327
-0.9164172069221056;0.2932772049951064;10.784862486561517
-0.3339638405635461;0.5415223328223552;10.102741020679012
-0.8466483482393409;-0.2218393273700269;10.216807892827612
0.4169456041236697;-0.4775642488892924;10.19504252160926
0.5064641829666867;-0.0276565750445285;9.365680887296412
-0.8564374177396946;-0.7748084767517426;10.25291844724462
-0.4990785628055694;-0.7225531916992053;9.035489183133974
0.0692694920554181;0.5545406460310157;10.685578618151151
0.0165951854903873;0.6910856219695285;9.51512940438334
0.986005244858644;0.9612390083523836;10.001240695062586
1.4757752030877054;-2.156425794658177;9.6757633503049
-0.9788554430319408;-0.3707833605391958;9.343637722759915
0.1600743439255384;-0.3489932518290358;9.643845584639898
1.3552272917638912;-0.2883354299380107;9.527496237978532
0.5065421563015263;1.4704232417287637;10.014251343351502
0.7669681992655049;1.1923102741442282;9.642287948955891
0.1562467925399891;0.7379546191645081;9.907196057863532
-0.3851763722877787;-1.000215346225718;10.23654649614862
-0.7860615504511113;-0.4029256264927315;9.182772372044347
-0.1139311356297427;-0.4281595070362518;9.024940691005469
1.329736260693816;0.6925295138417308;10.260465369926507
-0.0625487484227716;-0.2463964556949631;9.660142068602394
-1.6562769850810082;1.4213085531718086;10.76975944027996
-0.0942894909143683;0.6423174031409361;9.69537210650324
1.616531981240227;-0.9481780069110768;9.98378276197732
-0.157169050071177;0.5885788027797058;9.548378737447775
-0.591156932773646;-1.016320569993996;8.901772431996555
-0.8000175697323636;-0.538808655186038;10.136581422215633
0.2725805570075948;0.5712914573721931;9.576021908496502
1.6293601908375397;0.2854710439414287;9.064269514082506
0.7567263046787106;-0.4164663898898303;9.951752374766688
1.338927716718862;1.7420242179659466;9.665612469946824
-0.3664896346799371;0.5824430049622745;9.373372689990918
1.0147407579828736;0.2387707941851363;9.610845456666183
0.9455999254297948;-1.983687975072021;10.244583696637015
-1.270168622392901;-0.4713750679956424;9.954041359086908
-1.0315916044209668;0.9931238751142216;9.601222879762332
0.981368251030003;-0.8118409620253133;9.252473045273502
-0.8866957910297274;-0.8501661724131759;10.0782431880642
0.0377513018786798;0.0945494252838193;10.198738036113472
-0.4959854910725726;0.0812645386967799;9.718985266302411
2.3601639418312224;-0.2001966272684567;10.142109632876654
1.5185630318819812;0.2700987829904079;9.481891377272078
0.6487761552857741;-3.653989872499385;-13.05478621230824
-3.632664187830873;0.9539815098789928;-9.21283484061012
2.608830447855753;-0.947427550677163;-12.60062743665194
-2.9201963998095173;-4.330303387108553;-13.5779085534242
-2.252015820131767;1.6403142067886298;-21.631179159094565
-0.3256474969042123;2.4742860214045934;-18.326739695513552
-2.633792445881113;-1.410688767737681;-13.64713231017316
1.1547071319720168;2.399092958852578;-13.7567880570895
0.9370263584750228;1.587435078769058;-14.948080482560751
-1.015265179931919;-0.8432788777258606;-6.939922861583908
2.0390364533343392;0.4782106293503959;-17.476933441547455
-0.5948919262291215;-0.3091065831005922;-15.602974450139389
2.215382855424296;0.7614566993247426;-14.47888250936902
2.105290183425728;-3.407652642954314;-3.4362648773795827
0.583815759340524;1.0157807039405429;-12.554906407753498
2.339566905452388;-1.5090698900764206;-11.414990370541002
1.4117714354843462;0.5994149644364808;-3.008495525100201
-0.8345530249648829;3.317960215695213;-2.164293341980673
2.4576488535982803;-0.747483081157248;-14.765350055688636
0.0827274752130251;0.6346991194923763;-5.36072667457978
1.5083910396860307;-1.9155902623462049;-11.912731687372291
-1.156848485610413;-3.998075022845134;-18.353409944541774
3.702901101442846;2.8144483253049093;-7.502392712526266
-1.180617550363284;2.246458450703832;-1.8574841702849223
-3.1370407761052013;1.9850630525074924;-7.258145994879973
-3.328253741549167;1.522094050468769;-13.167528758320952
0.1876984014440309;0.8438882846883059;-11.631099681146567
-1.6885004021085737;-0.1153514554904667;-24.606016746331647
-0.926680170257998;-2.6339304466166724;-3.395672416865871
2.021911917814329;0.9241916753215522;-9.578852644767643
2.487993369148781;-2.0922805642835782;-13.181913066147173
1.1339666381767357;1.4413899777452015;-7.817743699241427
-1.1704246020473903;1.9836110336091783;-5.256193729580451
1.2194880920659492;0.6969824230484281;-11.341697305037185
-2.2820871478115703;0.3410600576583488;-11.317440123416764
1.1686832180617204;-0.8924508234889307;-10.379148389274118
-0.262626151747769;-2.309632622467026;-16.844460916994848
2.107390969716107;0.559417536403183;-15.59665340432962
-0.9701895458074272;1.3855319022187833;-12.663888426430916
0.2902495896788247;1.6867637903201145;-16.057294558438844
-0.719985847220021;-1.577714709724262;-5.470578034345658
1.4893813753002092;1.4048047868576754;-3.0864194344111398
1.076906317247558;2.460130333655056;-9.408901439530691
2.1064089028324946;-0.4277003583475482;-7.063192343334967
2.016117826285764;0.301372525535934;-14.668917679380671
0.475779324628717;-1.1126922449507246;-7.688727200016267
-0.4679861353515409;4.275327945987841;-14.808687387555342
-1.245883334530819;1.0243583453778558;-13.419219006708625
-1.878390118841276;-2.4496681458995995;-15.024002856730366
-1.7447511529090038;-0.4395164172691298;-21.334517350128717
-0.5460619489820883;0.8150018319366596;-13.025069653367224
-3.5573876466982544;1.3856530405020664;-11.21891419883188
2.6244303454434776;0.811082552557806;-12.659186573579085
-0.4192830323338735;2.1794056575918628;-10.386985173329734
0.8741079333223661;2.590739986873283;-8.247398006734626
-1.1244869371864683;2.3507380000891067;-5.891866873278216
0.4863884936423897;-2.268639011733846;-12.52798289241714
1.3064762238810133;-3.0468191103812385;-3.8034847928223616
-0.0194075768295807;0.4356994188905234;-8.181304570624855
-0.7698135744106224;1.9122448454618448;-14.829546798318452
1.477546260036054;-2.00853100161242;-10.778377291719291
1.8340353364333144;-2.86382928440614;-1.02897929043141
2.0635325068607155;-1.693547379589086;-11.620954748927176
-1.6265479894625632;1.4355149000270555;-22.52300706880136
0.3279448313571175;1.3019958963964808;-11.225400596350465
-3.2319936849285065;0.0537770349959424;-2.7898576174751053
2.2691901971559245;-2.170857902751876;-11.483256853946717
-0.2351163712151778;-0.8691631590587867;-16.465866014313242
3.770399638052511;2.1118283697967484;-20.59747331619996
1.0723605567268462;-2.806129795543623;-7.650430297757484
2.9969389311740144;1.829007595450853;-7.594605879372352
-0.8845952496489781;1.2194811395743417;-10.730345654598043
1.63653433360239;-1.4440298604056332;-6.174529616880223
-2.2261792261865603;-2.1765707612882563;-0.5064964309039759
1.212271585219857;-1.1771472135709746;-10.788703935050217
1.0286837556801616;0.8330093976378558;-6.381117987311069
-0.5717075608774076;3.0057864679708155;-13.944576960924598
-0.3734107598458441;-0.1773103326426012;-11.1952143055274
1.7690980087785146;-0.2235745385566642;-10.400323820828932
-3.439157770228473;-1.4886834620906615;-4.072925330414371
0.3375461275491396;0.6319138914814258;-9.225001342936476
-1.2120853259023985;-0.2110987293448736;-19.157592473684204
-0.9176627494276802;1.1556110451275998;-15.642748303878466
0.6505909152130134;-2.142923156902972;-13.949749455998363
-4.111571819244354;1.4926240310896872;-3.814688999071807
-2.0148656406401195;-1.2276031482630214;-11.5544768153413
0.1248972537917771;-1.3806888090847669;-11.170332038488962
0.5403662631994184;1.8302600082763607;-16.330269805681034
1.010637852581942;-0.5622787363030624;-9.736133411878876
1.7392295592239528;4.088448176267866;-6.505328994501664
0.2411739323493144;2.719293722237272;-13.03436937305128
-0.2444501662352635;1.6092585672780018;-13.202777809583283
3.208862758242216;-0.1910236262117945;-17.441895366331536
1.366986105983078;-0.5079314806446257;-4.797029016807253
-2.973237593410293;1.3628457966592418;-10.77477536991647
0.633290968918809;3.293381125920289;-7.772579665432101
0.88871989598698;0.77100599129149;-17.631622796152094
-1.53647212370829;4.5361598066156965;-17.671353901235147
-2.5741879262905525;-0.4269185131366969;-13.561153382221931
-0.3651036982023583;2.7291904419516;-14.616098219179088
0.5411269050863734;-5.405087394560118;-10.99706582605086
0.3043321418994097;2.723635360521867;-3.891348461425717
2.0038222371318466;-1.3354727573487897;-8.305688344163087
2.6982144730872406;3.829278064183174;-2.2516300611848745
0.5895548331788754;-4.276524078595836;-5.779297952494649
-1.696470208806607;-2.995276136204924;-4.986216899750538
1.480574030634471;3.533867079689228;-7.748447493884804
-0.8263523793565115;1.4733634901049568;-13.490701503026722
-3.704894206302484;1.2345436435077184;-11.812532234884692
4.698085496090441;-3.0933193079167185;-10.105430074476692
1.4599151657726035;2.2664386233153397;-10.145150836444488
1.0491762570332157;-2.863474795734876;-3.393241172399379
1.9482579293330435;3.344479721835976;-10.957743659324883
-1.369948063573179;3.916852739632948;-3.178992487245347
1.1678976359192077;-2.585336209836841;-10.114452154972
-0.0123509513131279;1.415466982058018;-11.773894449712756
1.2769038550855385;1.8000740122753314;-15.414225965092816
-0.3029287653744177;2.1215760984165475;-7.474726504056428
1.0539433775744995;3.192723678793891;-19.40530750554245
-1.2584934724556762;1.8364523360986709;-3.1273237356148007
0.5981875630815704;2.9191352797527497;-5.708111331503665
2.099107459971022;0.5998206118265026;1.1809687264923203
-0.0103129639388537;-1.8377459605887283;-9.038232610680089
-1.8623510478193996;0.308539233237924;-19.77155004884312
1.664435516669852;0.4216697128790135;-10.181777702968366
3.2850932380842965;0.2432704171996206;-12.590510195204114
1.9916566772728976;2.218228954565907;-11.695037432797916
-0.1829182814374381;1.1941999843359692;-8.805438625020908
-4.0410489172475685;0.940577127749139;-10.727018092639176
-1.247304093051757;-0.9185719608752372;-12.520146784445542
-3.195451382120804;-1.1755337464254532;-17.751786384097315
1.4904445850955683;-1.279688542940174;-12.193806135471718
-0.1727923697987356;0.1353807639629401;-14.197117508178492
-2.366623588080824;1.569165694973509;-10.890108287377124
0.2895014348369194;-0.2641736801935541;-0.9229927419232312
-2.637619531944656;-0.7812394882713524;-14.557501915508713
0.6014188405467886;1.4783323720628387;-4.804826564536914
0.1066582957280594;2.217163435422017;-11.488270255341584
-0.7999272457816514;5.668504640150409;-13.475570033544978
-3.005107122263795;-1.3915271034012986;-9.83254444958953
4.015388148041314;-0.2221134452391368;-10.951835326603373
-0.2034114200801093;3.3716989293239434;-17.154538019317194
3.083578380078832;-0.0706907072139534;-8.490618911380908
-0.8682194268802187;3.228859137823314;-5.8807075801205695
0.1988517285262994;4.3271498345992;-12.347381836276426
0.8505655985376201;-2.0678230569576312;-16.541319575140356
-2.61846356489756;1.0588977827111343;-9.90199723245082
1.3934589839516651;-0.9435962878799528;-11.798376474476424
2.1266125437652152;-0.5227828923540396;-10.797848032210904
0.5109623082173435;0.6055270557836627;-7.908997922158441
0.0634833665795069;0.2350773655687752;-1.831876935376175
-1.5947522856090333;0.5129633184797553;-20.907491069509884
0.8528702288553195;1.5066840360575295;-1.2573372440063348
-2.660878600089389;0.0959199325234194;-10.768534314036216
3.6752856617189416;-2.268322755052669;-10.001741355764295
-0.3034755918219426;-2.174882607022259;-6.112844188764429
-1.9905848056574649;-3.798922064783484;-13.87751862948559
1.9634626940281596;0.2152289891710141;-12.588396376617908
-0.2014808076679247;0.8900029842656833;-11.665583288904914
-1.3467016037734378;1.3758953893826404;-18.85563183316337
2.751564606986275;0.2145968759939358;-10.94015722357866
0.3934003068009842;-2.1964098435716206;-7.420601076714468
1.1812612377333498;-0.3359865458707408;-9.611518305903052
-0.4516770164160208;-4.273138124089051;-9.484214483178826
-0.8519174040783027;-0.8055537885267023;1.3936787352796165
-2.933183198270497;-2.1601765755516653;-8.956327342460574
-1.9315232302542664;-1.933581223124765;-5.625147307968109
0.266264619716637;-1.259351511344864;-4.517234404880952
2.177252796055233;-0.6281529948996017;-11.755438130133156
-1.4694190099593332;-0.7349764816459577;-8.379098689043941
1.9141757312172256;4.731181436542807;-3.0713595365603528
0.6878737995363601;-1.6495713005826556;-15.689454880403456
1.7296044230564236;0.7676837744600397;-15.292417089195265
-0.2551996876192137;2.694620554574564;-11.220948426614132
5.58727558777484;-0.2320475756909551;-4.922004214732551
-3.132488787436868;-1.318230897332729;-7.472283505920688
-3.311020834261277;-1.1674571657683577;-12.265574946362626
-0.8123048262179083;-1.1776451342571763;-18.525702842691125
-0.9052717948696142;-2.253628929470815;-12.402987488211163
2.889592519200876;-1.4354535240741957;-2.776979874633924
-2.7711339990033865;-1.1445743673681672;-8.881527767506082
0.7539400067992119;-0.270050041135645;-12.011669968772347
1.6506674660293046;0.5837778098402447;-3.056037409086146
-1.1502769067183247;1.824250022706992;-14.402837869842308
1.3857966353921216;-2.261647612186933;-4.833012363186708
-1.4212956774277663;-2.823298782639336;-11.214908857681598
0.0420910073281184;0.409469957592703;-9.254224587368798
0.5809453071037821;1.8439779010017936;-6.344301811567499
1.5990420714669549;2.708165727315215;-8.692224818055779
3.0220720659971643;-0.1224714411423744;-7.987697333074673
1.608154758184007;-2.208960270680804;-13.437877954180676
2.936106872727454;-1.4566151783172263;-10.759259739655333
1.178661822884734;0.6147777205553896;-15.06964756154723
-0.3330335309692252;0.4302995724415656;-12.366189880046225
1.207735710597375;-0.958860602674789;-7.632920854346137
-2.485936545661142;-0.8671023929771772;-4.277196095608747
2.398984867827525;0.1388338945234185;-9.077820040264903
-0.5997547116048225;0.2791213023945306;-0.0596788869339413
-1.0850995681643654;1.167627157948527;-0.5510920296550612
-2.438728177108981;2.8908399278243246;0.5360901145734633
-0.6238708332481725;-1.16273929099053;-3.438046406869753
-0.3057251654302043;1.843210813904232;-4.300903081870763
-2.9906102959985432;-1.0852878613333896;-7.240474483297625
0.8817222193273593;-1.8442414946407837;-4.379104562011823
2.237278839371505;-2.274811337277602;-16.909839503100038
2.0245548447063606;2.3522200368438395;-19.547815646304315
-0.7299079147729575;-0.5228008238660348;-9.353352956369942
1.3036422752041297;0.7290891278258371;-5.250880641148844
-1.3261704977404107;-2.296424218681439;-9.556812337436655
6.320409259820077;1.2439747415864466;-9.532733845048185
1.9462773286382224;-4.780057258129501;-19.087677926035127
-2.9731774921701377;-1.4895365426206415;-9.210618377913622
-1.5146141665393098;1.2899570053756095;-11.930988281856513
2.0314571070837;-0.2690015860740157;-10.289306960830244
-0.8756316478553381;0.8568852578056271;-16.653023820845956
1.5602982130232173;-1.0324762913230687;-21.98004142019251
1.31866922287364;0.3828974516991451;-13.640359700816132
1.3541942132454692;-1.7073147313748342;-6.5372026061778055
3.866402056276464;0.7012519978690971;-13.469922868101335
-1.0457539056278686;-0.982315954570809;-9.850485995099604
0.8296986193222858;2.760947870802244;-10.652805747019578
-1.4963774464649884;0.1534772699391978;-11.719082357960623
-1.455373318277317;1.3973016171582162;-5.853569358626308
1.8336799354889544;1.1835299007633806;-10.748632296261798
2.553814070410142;-1.8064852891533751;-7.207010774829548
-5.143922922840035;3.9707953136701866;-15.38747340443354
-0.7624165673371681;-1.2505716349895684;-8.864735740375504
-0.641788837905002;0.9121249247454788;-11.868632604614955
-0.7769043298134031;-1.6438824634348688;-6.538053360559899
-0.1124395396781715;1.593130364301787;-6.254926764210424
-3.1763422437070528;2.021137080723221;-9.182813100687913
-0.2481390706319823;-1.8730736953893328;-2.464770124995161
-2.527142483518782;1.901690804298646;-7.479813201851861
-3.076316479874809;1.338245907387715;-6.939472141154325
0.3014182549112991;3.714223885599815;-6.27074461089535
2.6231036359648123;1.768095610917649;-8.284369995941546
-0.8001471239438739;-0.5979818947550745;-12.40440326745478
-1.1046744554159271;-0.2067057197119988;-4.728001903047128
-2.766979758413767;2.4958138402047867;-9.801659983365727
-0.2995443550586028;-2.384790126436956;-12.133726787350115
-0.1010643355442667;-0.0564471390717756;-7.258617154650863
-2.0144202601251986;2.314829624942826;-9.27500508291338
-2.148790667762656;2.3452773462838103;-2.132712997023932
0.5228005773028529;-2.301901454465307;-8.493756043561099
2.777848778182628;-1.3240035133563035;-12.773029995155394
1.296962151132475;1.0618932630501123;-9.792426806496254
0.6580615316953258;2.5471132417333298;-6.812662780421136
0.5010446825826442;-0.3717214066723765;-15.36931292874189
-1.1472948883483387;-2.184064158650389;-5.940654283000571
0.7455272519431115;0.008980962951472;-11.19826435466534
0.9579096682723854;4.273080350146087;-0.0258952675715384
1.1289133672747151;0.0047914397991804;-6.65148852118308
1.2714643963865442;0.3103687129453152;-10.737068135394116
0.7209604200880555;-0.1636498594451605;-8.47923923858132
2.877702233482181;-0.3630234646098256;-4.206633173562192
-2.197442698189351;-0.5668909961552143;0.8195813575664257
1.416189947691235;-1.1227109877899282;-10.81129966674528
1.2948621620014966;0.540419401764553;-7.411386623473315
-1.9244498285643328;0.3627756532218688;-2.508965431728119
-0.4249574230963852;1.0600624739817035;-9.09772616757073
-1.712426320678155;-0.4218514748109186;-0.6728435208788355
-2.6180947948952555;5.9313668865518725;-13.045890455280556
-0.1147058063362834;6.538087965506039;-17.723777003540807
3.3269883690650284;-0.211219251123301;-11.781299014671854
-0.8636448913972499;0.6047832749480635;-5.419753678905684
1.9784404973791856;0.8024881315711612;-4.2819580112171245
1.578910901477755;-0.6336527257160968;-12.10840999378394
6.633610456775366;0.17635666895668;-16.081169568563098
-1.826264426174291;-2.173418874580473;-12.799644809849148
-0.4668833825342015;2.4805779589814274;-11.621896516250365
0.4454897389127554;-0.562436489968092;-15.219617239181048
0.1144621479856239;-0.9487223326366204;-13.992702977319794
-2.500580417110869;0.7039029280062351;-7.63539792205888
1.0100543277926208;-2.151812079258936;-4.740601798866583
-0.6600693584772032;-1.18832311326989;-6.824048346634159
-0.9030464640103334;1.2780499533125789;-20.568828503380907
-1.701633355152333;-0.1882154115327418;-6.1568074928421845
-1.4310044392142642;-2.107431297510722;-16.507011899466388
-1.0164032982258868;-1.661887013701003;-8.386462277604009
1.3697073184481785;-0.6892077965757845;-13.308263228553384
0.5940526864785087;-0.9572275821427156;-7.151705073454699
1.4090700390870738;1.7257567997176455;-14.032662298755524
0.0025039293609984;-0.3786155353161242;-10.155611198316338
-0.4305782067938885;-1.612665408259382;-0.8936633474935931
1.928741646712068;2.706752648641958;-14.740821641270944
-3.453159738000721;-1.5692118993290098;-12.48834356475846
-1.631164287219843;-2.7497129895541903;-10.541034139929607
-0.6389853852116798;-1.2034606435057424;-12.656570095394262
1.4820880291160576;-0.2376361891610391;-14.644512116275164
2.178873588832261;2.7784237093439805;-8.364864778190114
-1.1981749350024749;0.8153099923923329;-5.350967329552312
4.160413406492536;1.331734051697533;-6.266512513642596
-0.2789931169530456;-0.9048214297533044;-13.58887088242101
-1.3215295357610233;-1.0126907078312883;-15.225537313986486
2.8805305870566795;1.2979654314761608;-4.476598478949346
-0.7665690435211369;2.958036062651318;-12.951434108076825
-1.9706895470579835;-0.6150966865830955;-22.869940440704436
2.115267280512072;-1.0463187046135614;-5.626880066985162
0.136469833857962;-0.4310438742849075;-9.974238688221607
-0.1678200003968727;2.458164031890364;-15.53075285903858
-2.010707735345927;-0.2042629889496378;-13.317990842152568
0.8422486784798556;1.801213798024389;-9.543684853727289
3.0207129306848266;-0.7696425919454241;-11.76300260817172
0.929455521518883;-0.6958505922246606;-12.926053142528986
-0.2241259593375497;1.634748547542448;-12.27604517373008
0.74765090552396;0.3996137541092673;-3.086218176971561
-3.68875325770429;-2.023616691875943;-11.08696952307164
0.6154070500450913;0.9032723175511496;-14.111845441888216
0.4405472552791684;-2.391325348069287;-0.6230236976511421
-1.9285493859728504;0.4390013179924492;-1.0399398355300935
0.438312215321274;0.9207493584523324;-12.984823011833049
1.7938607764080174;-2.042870320447546;-16.22140770836832
2.2993533170843325;-2.4530550146653978;-4.786280589024098
1.807045569849972;-0.957824846863496;-18.781425495886847
-2.1732114816474444;0.5439738802571343;-11.037832373342177
-1.3456440406361003;1.1961495809250704;-14.774960239573128
0.5038729321215598;-0.4303692260141419;-2.5873592985430847
-2.279166274118244;1.8656991677835093;-9.506824927708848
0.887603649918404;0.638891563431938;-5.189984585966994
-2.488468890284078;1.2091300058384893;-19.445146007704288
-1.7203032114488752;1.2581321543141244;-9.871029403257776
-0.6706077323740222;-0.7817907747892306;-14.346810267802883
-0.5312223391493824;-0.3118734724010933;-7.172696604689467
0.5941556947068604;0.5935686222514036;-6.820093864175906
0.0275668042218589;0.9349839237670556;-4.709260264561541
1.2667946895796178;-0.597333374347381;-10.527587561649344
-0.3212378423518442;-1.790442772439141;-1.884104566158383
-1.189091792122533;-1.9089487145123736;-10.876747329789264
0.1782567945926123;2.2213731360560285;-12.404090331195023
0.154010143345251;0.2090034447769811;-14.27434281348335
0.6692949724771261;-0.3669521240707621;-6.638478850567604
-0.7746601633954671;1.5459235949941494;-17.157258596950964
3.325821602544543;2.17652484590471;-5.839009158086439
0.1770286581227676;-0.7117081032957522;-20.441779162142524
-1.5074101060601572;0.1309393094270007;-16.078332978718322
0.6200464312598062;2.8544352434525138;-3.375678874983084
-0.96730129730723;2.297834135896462;-12.722430609847276
0.7502427540653253;1.840653690680589;-7.471553270116645
1.3142459933591375;-2.1001025195985514;-14.1430508261895
0.6172471347192344;-0.6087640682380925;-2.485555651838978
-1.4314873781155857;-2.569950320379685;-7.271765480201464
-1.9024004985605047;1.6747773276865574;-14.714371806872244
-0.1849543571112865;-0.3244980492592166;-12.141051590509257
2.123185104290977;2.810112082834219;-20.76625038444972
-3.939332359711402;0.3056768003615519;-7.606475653887584
0.7174469291143533;1.2175240844681856;-10.61007848383112
-1.9660373516954348;2.3357005042302244;-12.612576529240703
-1.0621669567747922;-2.697239863948071;-14.59331770502077
0.6427885538769719;-1.0401759378490123;-14.703654719628307
-2.1548943916498704;0.7462920763702205;-15.6588571345357
0.069539221290158;1.3671518133178278;-9.450037893425192
0.6359260654970373;0.7382545826214109;-12.474785790603416
1.6176501682142137;1.8507745399543385;-7.350713957103939
0.0413846295223707;-2.420040436949208;-3.540555592826072
0.2064701530882324;1.7301579847139987;-12.224768097331909
-1.6329251659318305;-1.6914434707636794;-10.125712097269584
-1.1106647824794726;2.145809200772072;-13.15466495171292
1.8626807217654295;-0.298735338648316;-11.153824637864346
1.4723016476053217;2.420495430621379;-12.265374446189814
-0.1090680574712951;-1.8282477451779533;-6.531859915133714
-0.5193614986326208;0.2763348708243801;-13.910273428860384
2.490434202413604;-0.7575940996635211;-9.104893856783749
-1.8547723104122709;-0.1843283815115275;-8.340960627964222
2.596428214707682;-0.9077492177520098;-11.991221415911674
1.9704859084332145;-3.431225249131471;-15.295742324866657
1.3852912482864634;-1.2765843483878716;-9.696066022863535
-0.4666675028928134;0.4099598925475209;-11.759951193610355
-1.5731107931157633;2.3071854225009183;-13.196810810422908
2.665068047273439;-0.8985435729760347;-3.0897315884059555
1.476007554490132;2.3483765650498816;-2.063986913811556
-0.2448383665313852;-2.715812931350585;-11.02810303205386
-0.4178716749995436;-0.8771132403041398;-10.851447245409789
0.0627529651671245;1.1773602825634628;-9.50463073228735
-0.1588937397691043;0.517313936901274;-8.931475253392954
-0.7231137470485935;-1.343066413054429;-7.374053330060127
-0.2132103872088874;-2.6500102379592643;-14.33391336185706
-3.7942145594612056;2.298606861029261;2.7401136654163327
1.8113206343265815;2.503619832406861;-2.4602755736468334
2.62686156001092;2.78482637402005;-12.485132539449191
-1.1989391197377524;0.9350451139278424;-6.22612751880042
1.2083605371199473;-0.5352862257885393;-4.296023731504291
1.4676019511592016;-1.6945031776825992;-9.09596531556574
-1.3473886672352728;-4.378121554447654;-17.832649750862153
1.7036134228480195;-1.5555886472812035;-5.232625511539798
1.844738825299636;0.8752604038772451;-3.639127270912892
0.5298038710766345;-0.274790403710921;-9.237737913058377
-0.547443562538779;-3.1831738104524083;-9.46829709933838
1.5922778246118263;2.1370903769690983;-10.511608153774196
1.514810383234041;-2.211372836158184;-7.697029233313778
-2.328178775849264;-0.9787129070115894;-11.05999291253499
1.134082231883712;1.971967987145384;-8.610888418245748
3.6594165655363824;-1.1714327576252297;-8.345579376961464
0.3768332030978247;-0.3210282659237091;-6.614107425756952
2.831890127250866;0.2056903008723762;-17.061517819863507
-2.4489128101185678;-2.4191132400229063;-10.636072978676356
2.616180971100787;-4.368548095581732;-5.276784921642702
0.5999656695399669;2.377298424253036;-3.050183884061843
-1.338247670804707;1.4183195341252846;-10.624418865444344
1.321874798674366;1.306337454299863;-9.666199203789432
0.4218326981164653;-1.0355643405510409;-9.55108976543383
0.0;0.0;9.81
0.0;0.0;9.81
0.0;0.0;9.81
0.0;0.0;9.81
0.0;0.0;9.81
0.0;0.0;9.81
0.0;0.0;9.81
0.0;0.0;9.81
0.0;0.0;9.81
0.0;0.0;9.81
0.0;0.0;9.81
0.0;0.0;9.81
0.0;0.0;9.81
0.0;0.0;9.81
0.0;0.0;9.81
0.0;0.0;9.81
0.0;0.0;9.81
0.0;0.0;9.81
0.0;0.0;9.81
0.0;0.0;9.81
0.0;0.0;9.81
0.0;0.0;9.81
0.0;0.0;9.81
0.0;0.0;9.81
0.0;0.0;9.81
0.0;0.0;9.81
0.0;0.0;9.81
0.0;0.0;9.81
0.0;0.0;9.81
0.0;0.0;9.81
0.0;0.0;9.81
0.0;0.0;9.81
0.0;0.0;9.81
0.0;0.0;9.81
0.0;0.0;9.81
0.0;0.0;9.81
0.0;0.0;9.81
0.0;0.0;9.81
0.0;0.0;9.81
0.0;0.0;9.81
0.0;0.0;9.81
0.0;0.0;9.81
0.0;0.0;9.81
0.0;0.0;9.81
0.0;0.0;9.81
0.0;0.0;9.81
0.0;0.0;9.81
0.0;0.0;9.81
0.0;0.0;9.81
0.0;0.0;9.81
0.0;0.0;9.81
0.0;0.0;9.81
0.0;0.0;9.81
0.0;0.0;9.81
0.0;0.0;9.81
0.0;0.0;9.81
0.0;0.0;9.81
0.0;0.0;9.81
0.0;0.0;9.81
0.0;0.0;9.81
0.0;0.0;9.81
0.0;0.0;9.81
0.0;0.0;9.81
0.0;0.0;9.81
0.0;0.0;9.81
0.0;0.0;9.81
0.0;0.0;9.81
0.0;0.0;9.81
0.0;0.0;9.81
0.0;0.0;9.81
0.0;0.0;9.81
0.0;0.0;9.81
0.0;0.0;9.81
0.0;0.0;9.81
0.0;0.0;9.81
0.0;0.0;9.81
0.0;0.0;9.81
0.0;0.0;9.81
0.0;0.0;9.81
0.0;0.0;9.81
0.0;0.0;9.81
0.0;0.0;9.81
0.0;0.0;9.81
0.0;0.0;9.81
0.0;0.0;9.81
0.0;0.0;9.81
0.0;0.0;9.81
0.0;0.0;9.81
0.0;0.0;9.81
0.0;0.0;9.81
0.0;0.0;9.81
0.0;0.0;9.81
0.0;0.0;9.81
0.0;0.0;9.81
0.0;0.0;9.81
0.0;0.0;9.81
0.0;0.0;9.81
0.0;0.0;9.81
0.0;0.0;9.81
0.0;0.0;9.81
0.0;0.0;9.81
0.0;0.0;9.81
0.0;0.0;9.81
0.0;0.0;9.81
0.0;0.0;9.81
0.0;0.0;9.81
0.0;0.0;9.81
0.0;0.0;9.81
0.0;0.0;9.81
0.0;0.0;9.81
0.0;0.0;9.81
0.0;0.0;9.81
0.0;0.0;9.81
0.0;0.0;9.81
0.0;0.0;9.81
0.0;0.0;9.81
0.0;0.0;9.81
0.0;0.0;9.81
0.0;0.0;9.81
0.0;0.0;9.81
0.0;0.0;9.81
0.0;0.0;9.81
0.0;0.0;9.81
0.0;0.0;9.81
0.0;0.0;9.81
0.0;0.0;9.81
0.0;0.0;9.81
0.0;0.0;9.81
0.0;0.0;9.81
0.0;0.0;9.81
0.0;0.0;9.81
0.0;0.0;9.81
0.0;0.0;9.81
0.0;0.0;9.81
0.0;0.0;9.81
0.0;0.0;9.81
0.0;0.0;9.81
0.0;0.0;9.81
0.0;0.0;9.81
0.0;0.0;9.81
0.0;0.0;9.81
0.0;0.0;9.81
0.0;0.0;9.81
0.0;0.0;9.81
0.0;0.0;9.81
0.0;0.0;9.81
0.0;0.0;9.81
0.0;0.0;9.81
0.0;0.0;9.81
0.0;0.0;9.81
0.0;0.0;9.81
0.0;0.0;9.81
0.0;0.0;9.81
0.0;0.0;9.81
0.0;0.0;9.81
0.0;0.0;9.81
0.0;0.0;9.81
0.0;0.0;9.81
0.0;0.0;9.81
0.0;0.0;9.81
0.0;0.0;9.81
0.0;0.0;9.81
0.0;0.0;9.81
0.0;0.0;9.81
0.0;0.0;9.81
0.0;0.0;9.81
0.0;0.0;9.81
0.0;0.0;9.81
0.0;0.0;9.81
0.0;0.0;9.81
0.0;0.0;9.81
0.0;0.0;9.81
0.0;0.0;9.81
0.0;0.0;9.81
0.0;0.0;9.81
0.0;0.0;9.81
0.0;0.0;9.81
0.0;0.0;9.81
0.0;0.0;9.81
0.0;0.0;9.81
0.0;0.0;9.81
0.0;0.0;9.81
0.0;0.0;9.81
0.0;0.0;9.81
0.0;0.0;9.81
0.0;0.0;9.81
0.0;0.0;9.81
0.0;0.0;9.81
0.0;0.0;9.81
0.0;0.0;9.81
0.0;0.0;9.81
0.0;0.0;9.81
0.0;0.0;9.81
0.0;0.0;9.81
0.0;0.0;9.81
0.0;0.0;9.81
0.0;0.0;9.81
0.0;0.0;9.81
0.0;0.0;9.81
0.0;0.0;9.81
